INSERT INTO `role` (`id`, `name`)
VALUES
(1, 'admin'),
(2, 'cashier'),
(3, 'senior cashier'),
(4, 'commodity expert');


INSERT INTO `user` (`id`, `login`, `email`, `password`, `role_id`)
VALUES
(1, 'admin', 'a@a', 'admin', 1),
(2, 'Alex', 'a@alex', '1111', 1),
(3, 'Bob', 'bob@bob', '2222', 2),
(4, 'Clode', 'clode@clode', '3333', 3),
(5, 'Den', 'den@den', '4444', 4);

INSERT INTO `goods` (`id`, `name`, `unit`, `price`)
VALUES
(1, 'мінеральна вода 1л','бутилка', 15.50),
(2, 'чай Greenfield','пачка', 160.00),
(3, 'цукор','кг', 25.00),
(4, 'сосиски', 'кг', 120.00),
(5, 'молоко 1л', 'бутилка', 35.80),
(6,'cellphone', 'piece', 1023.56),
(7,'glasses', 'pair', 25.38),
(8,'helicopter', 'шт', 100000.0),
(9,'Leopard', 'шт', 2000000.5),
(10,'M142 HIMARS', 'шт', 3500000.0),
(11,'pencil', 'piece', 15.45),
(12,'пиво', 'бутилка', 31.0),
(13,'сіль', 'кг', 20.0),
(14,'олія Олейна 1,0 л', 'бутилка', 60.35),
(15,'шампунь', 'шт', 45.88);

INSERT INTO `warehouse` (`id`, `quantity`, `goods_id`)
VALUES
(1, 30, 1),
(2, 5, 2),
(3, 40, 3),
(4, 10, 4),
(5, 20, 5),
(6, 30, 6),
(7, 5, 7),
(8, 40, 8),
(9, 10, 9),
(10, 20, 10),
(11, 30, 11),
(12, 5, 12),
(13, 40, 13),
(14, 10, 14);

INSERT INTO `order` (`id`, `user_id`, `time`, `amount`)
VALUES
( 1, 3, '2022-09-15 13:15:25', 0),
( 2, 3, '2022-09-15 14:20:25', 0),
( 3, 3, '2022-09-16 11:03:15', 0),
( 4, 3, '2022-09-17 09:45:50', 0),
( 5, 3, '2022-09-17 10:33:18', 0);

INSERT INTO `order_details` (`id`, `order_id`, `goods_id`, `quantity`, `price`)
VALUES
(01, 1, 1, 13, 15.50),
(02, 1, 2,  2, 160.00),
(03, 2, 3, 25, 25.00),
(04, 3, 4,  8, 120.00),
(05, 3, 5, 11, 35.80),
(06, 3, 6,  3, 1023.56),
(07, 3, 7,  2, 25.38),
(08, 4, 8, 23, 100000.0),
(09, 4, 9, 7, 2000000.5),
(10, 4,10, 1, 3500000.0),
(11, 5,11, 15, 15.45),
(12, 5,12, 1, 31.0),
(13, 5,13, 2, 20.0),
(14, 5,14, 1, 45.88);